from_sub,to_sub
MachineLearning,learnmachinelearning
learnmachinelearning,DeepLearning
learnmachinelearning,DeepLearning
DeepLearning,learnmachinelearning
MachineLearning,DeepLearning
learnmachinelearning,DeepLearning
learnmachinelearning,DeepLearning
DataScience,MachineLearning
DeepLearning,learnmachinelearning
learnmachinelearning,DeepLearning
learnmachinelearning,DeepLearning
DeepLearning,learnmachinelearning
DeepLearning,MachineLearning
DeepLearning,learnmachinelearning
DeepLearning,learnmachinelearning
DeepLearning,learnmachinelearning
learnmachinelearning,DeepLearning
DataScience,learnmachinelearning
learnmachinelearning,DeepLearning
DeepLearning,MachineLearning
DeepLearning,learnmachinelearning
DeepLearning,MachineLearning
MachineLearning,DeepLearning
DeepLearning,learnmachinelearning
MachineLearning,DeepLearning
DeepLearning,learnmachinelearning
learnmachinelearning,DeepLearning
MachineLearning,DeepLearning
MachineLearning,DeepLearning
DataScience,MachineLearning
DeepLearning,learnmachinelearning
MachineLearning,learnmachinelearning
